title,company,location,link
"Senior Developer (React, Node.js) (m/f/d)",Ziegert EverEstate GmbH,"Berlin, Deutschland",https://stackoverflow.com/jobs/394267
Senior Software Engineer (React),Higher Logic,"Montreal, QC, Canada",https://stackoverflow.com/jobs/536301
Full Stack Java/React Developer,Portland Webworks,"Portland, ME",https://stackoverflow.com/jobs/524803
Senior React Engineer / Mobile Software Developer (Remote),Branding Brand,No office location,https://stackoverflow.com/jobs/546545
Full Stack Developer (React + Java) – REMOTE,Pentalog,No office location,https://stackoverflow.com/jobs/566591
Full-Stack Javascript Developer (Node.js / React / Next.js),OOZOU,No office location,https://stackoverflow.com/jobs/565669
Front-end Developer (React),Shypple,"Rotterdam, Netherlands",https://stackoverflow.com/jobs/315697
React Developer (Remote),X-Team,No office location,https://stackoverflow.com/jobs/534457
Senior Frontend Engineer (React.JS) (m/f/d),Motius GmbH,"Belgrad, Serbien",https://stackoverflow.com/jobs/566602
Full Stack Developer (f/m/x) React & Node.js,Cosuno,"Berlin, Germany",https://stackoverflow.com/jobs/354357
"Full Stack Developer - Python, Postgres, Vue.js / React (m/f/d)",JobNinja GmbH,"München, Deutschland",https://stackoverflow.com/jobs/566788
Frontend Entwickler (w/m/d) React / JavaScript - bundesweit & Homeoffice,objective partner AG,"Weinheim, Deutschland",https://stackoverflow.com/jobs/550884
Senior Frontend React Developer,AIR MILES,"Toronto, ON, Canada",https://stackoverflow.com/jobs/539247
*REMOTE* React.js (Node.js) TypeScript FE/FS Engineer (m/f/x)-Global Marketplace,"AVANTGARDE - ""Creating Fans""",No office location,https://stackoverflow.com/jobs/433429
Full-Stack Software Engineer (C# + .NET 6 / React + Typescript) (f/m/d),HeidelbergCement AG,"Heidelberg, Deutschland",https://stackoverflow.com/jobs/559624
Senior React Developer | Contractor | Remote,Copado Strategic Services,No office location,https://stackoverflow.com/jobs/545086
Principal Full Stack Developer (f/m/x) React & Node.js,Cosuno,"Berlin, Germany",https://stackoverflow.com/jobs/522359
Remote Sr. Frontend Architect (React) - Spekit - High Growth Series B Startup,SpekitviaSource Coders,No office location,https://stackoverflow.com/jobs/566565
REMOTE Techlead React (TS) Frontend (m/f/x) - Global Marketplace Solution,"AVANTGARDE - ""Creating Fans""",No office location,https://stackoverflow.com/jobs/498049
Fullstack Engineer II (Python/Django/React),StyleSeat,No office location,https://stackoverflow.com/jobs/554278
Fullstack Web-Entwickler PHP/React (m/w/d) für E-Commerce Agentur aus Bremen,hmmh multimediahaus AG,No office location,https://stackoverflow.com/jobs/526714
"Sr Full Stack Engineer - US & Canada Remote (.NET core, NoSQL, React, AWS)",Lone Wolf Technologies,No office location,https://stackoverflow.com/jobs/523487
Software Engineering Manager (Remote),Branding Brand,No office location,https://stackoverflow.com/jobs/546565
Senior Backend Engineer (all genders),Elinvar GmbH,"Berlin, Germany",https://stackoverflow.com/jobs/566722
C# Developer für Webanwendungen (w/*/m),queo GmbH,"Dresden, Deutschland",https://stackoverflow.com/jobs/522414
Senior Frontend Engineer (React.JS) (m/f/d),Motius GmbH,"Belgrad, Serbien",https://stackoverflow.com/jobs/566602
Senior Software Engineer (React),Higher Logic,"Montreal, QC, Canada",https://stackoverflow.com/jobs/536301
Full Stack Java/React Developer,Portland Webworks,"Portland, ME",https://stackoverflow.com/jobs/524803
Senior React Engineer / Mobile Software Developer (Remote),Branding Brand,No office location,https://stackoverflow.com/jobs/546545
Full Stack Developer (React + Java) – REMOTE,Pentalog,No office location,https://stackoverflow.com/jobs/566591
Full-Stack Javascript Developer (Node.js / React / Next.js),OOZOU,No office location,https://stackoverflow.com/jobs/565669
Front-end Developer (React),Shypple,"Rotterdam, Netherlands",https://stackoverflow.com/jobs/315697
React Developer (Remote),X-Team,No office location,https://stackoverflow.com/jobs/534457
Full Stack Developer (f/m/x) React & Node.js,Cosuno,"Berlin, Germany",https://stackoverflow.com/jobs/354357
"Full Stack Developer - Python, Postgres, Vue.js / React (m/f/d)",JobNinja GmbH,"München, Deutschland",https://stackoverflow.com/jobs/566788
Full-Stack Software Engineer (C# + .NET 6 / React + Typescript) (f/m/d),HeidelbergCement AG,"Heidelberg, Deutschland",https://stackoverflow.com/jobs/559624
"Senior Developer (React, Node.js) (m/f/d)",Ziegert EverEstate GmbH,"Berlin, Deutschland",https://stackoverflow.com/jobs/394267
Senior Frontend React Developer,AIR MILES,"Toronto, ON, Canada",https://stackoverflow.com/jobs/539247
*REMOTE* React.js (Node.js) TypeScript FE/FS Engineer (m/f/x)-Global Marketplace,"AVANTGARDE - ""Creating Fans""",No office location,https://stackoverflow.com/jobs/433429
Frontend Entwickler (w/m/d) React / JavaScript - bundesweit & Homeoffice,objective partner AG,"Weinheim, Deutschland",https://stackoverflow.com/jobs/550884
Senior React Developer | Contractor | Remote,Copado Strategic Services,No office location,https://stackoverflow.com/jobs/545086
Principal Full Stack Developer (f/m/x) React & Node.js,Cosuno,"Berlin, Germany",https://stackoverflow.com/jobs/522359
REMOTE Techlead React (TS) Frontend (m/f/x) - Global Marketplace Solution,"AVANTGARDE - ""Creating Fans""",No office location,https://stackoverflow.com/jobs/498049
Remote Sr. Frontend Architect (React) - Spekit - High Growth Series B Startup,SpekitviaSource Coders,No office location,https://stackoverflow.com/jobs/566565
Fullstack Engineer II (Python/Django/React),StyleSeat,No office location,https://stackoverflow.com/jobs/554278
Fullstack Web-Entwickler PHP/React (m/w/d) für E-Commerce Agentur aus Bremen,hmmh multimediahaus AG,No office location,https://stackoverflow.com/jobs/526714
"Sr Full Stack Engineer - US & Canada Remote (.NET core, NoSQL, React, AWS)",Lone Wolf Technologies,No office location,https://stackoverflow.com/jobs/523487
Software Engineering Manager (Remote),Branding Brand,No office location,https://stackoverflow.com/jobs/546565
Senior Backend Engineer (all genders),Elinvar GmbH,"Berlin, Germany",https://stackoverflow.com/jobs/566722
C# Developer für Webanwendungen (w/*/m),queo GmbH,"Dresden, Deutschland",https://stackoverflow.com/jobs/522414
Senior Frontend Engineer (React.JS) (m/f/d),Motius GmbH,"Belgrad, Serbien",https://stackoverflow.com/jobs/566602
Senior Software Engineer (React),Higher Logic,"Montreal, QC, Canada",https://stackoverflow.com/jobs/536301
Full Stack Java/React Developer,Portland Webworks,"Portland, ME",https://stackoverflow.com/jobs/524803
Senior React Engineer / Mobile Software Developer (Remote),Branding Brand,No office location,https://stackoverflow.com/jobs/546545
Full Stack Developer (React + Java) – REMOTE,Pentalog,No office location,https://stackoverflow.com/jobs/566591
Full-Stack Javascript Developer (Node.js / React / Next.js),OOZOU,No office location,https://stackoverflow.com/jobs/565669
Front-end Developer (React),Shypple,"Rotterdam, Netherlands",https://stackoverflow.com/jobs/315697
React Developer (Remote),X-Team,No office location,https://stackoverflow.com/jobs/534457
Full Stack Developer (f/m/x) React & Node.js,Cosuno,"Berlin, Germany",https://stackoverflow.com/jobs/354357
"Senior Developer (React, Node.js) (m/f/d)",Ziegert EverEstate GmbH,"Berlin, Deutschland",https://stackoverflow.com/jobs/394267
"Full Stack Developer - Python, Postgres, Vue.js / React (m/f/d)",JobNinja GmbH,"München, Deutschland",https://stackoverflow.com/jobs/566788
Full-Stack Software Engineer (C# + .NET 6 / React + Typescript) (f/m/d),HeidelbergCement AG,"Heidelberg, Deutschland",https://stackoverflow.com/jobs/559624
Senior Frontend React Developer,AIR MILES,"Toronto, ON, Canada",https://stackoverflow.com/jobs/539247
*REMOTE* React.js (Node.js) TypeScript FE/FS Engineer (m/f/x)-Global Marketplace,"AVANTGARDE - ""Creating Fans""",No office location,https://stackoverflow.com/jobs/433429
Frontend Entwickler (w/m/d) React / JavaScript - bundesweit & Homeoffice,objective partner AG,"Weinheim, Deutschland",https://stackoverflow.com/jobs/550884
Senior React Developer | Contractor | Remote,Copado Strategic Services,No office location,https://stackoverflow.com/jobs/545086
Principal Full Stack Developer (f/m/x) React & Node.js,Cosuno,"Berlin, Germany",https://stackoverflow.com/jobs/522359
Remote Sr. Frontend Architect (React) - Spekit - High Growth Series B Startup,SpekitviaSource Coders,No office location,https://stackoverflow.com/jobs/566565
REMOTE Techlead React (TS) Frontend (m/f/x) - Global Marketplace Solution,"AVANTGARDE - ""Creating Fans""",No office location,https://stackoverflow.com/jobs/498049
Fullstack Engineer II (Python/Django/React),StyleSeat,No office location,https://stackoverflow.com/jobs/554278
Fullstack Web-Entwickler PHP/React (m/w/d) für E-Commerce Agentur aus Bremen,hmmh multimediahaus AG,No office location,https://stackoverflow.com/jobs/526714
"Sr Full Stack Engineer - US & Canada Remote (.NET core, NoSQL, React, AWS)",Lone Wolf Technologies,No office location,https://stackoverflow.com/jobs/523487
Software Engineering Manager (Remote),Branding Brand,No office location,https://stackoverflow.com/jobs/546565
Senior Backend Engineer (all genders),Elinvar GmbH,"Berlin, Germany",https://stackoverflow.com/jobs/566722
Senior Software Engineer - Full Stack,C2FO,"Leawood, KS",https://stackoverflow.com/jobs/287269
Senior Frontend Engineer (React.JS) (m/f/d),Motius GmbH,"Belgrad, Serbien",https://stackoverflow.com/jobs/566602
Senior Software Engineer (React),Higher Logic,"Montreal, QC, Canada",https://stackoverflow.com/jobs/536301
Full Stack Java/React Developer,Portland Webworks,"Portland, ME",https://stackoverflow.com/jobs/524803
Senior React Engineer / Mobile Software Developer (Remote),Branding Brand,No office location,https://stackoverflow.com/jobs/546545
Full Stack Developer (React + Java) – REMOTE,Pentalog,No office location,https://stackoverflow.com/jobs/566591
Full-Stack Javascript Developer (Node.js / React / Next.js),OOZOU,No office location,https://stackoverflow.com/jobs/565669
Front-end Developer (React),Shypple,"Rotterdam, Netherlands",https://stackoverflow.com/jobs/315697
React Developer (Remote),X-Team,No office location,https://stackoverflow.com/jobs/534457
Full Stack Developer (f/m/x) React & Node.js,Cosuno,"Berlin, Germany",https://stackoverflow.com/jobs/354357
"Full Stack Developer - Python, Postgres, Vue.js / React (m/f/d)",JobNinja GmbH,"München, Deutschland",https://stackoverflow.com/jobs/566788
Full-Stack Software Engineer (C# + .NET 6 / React + Typescript) (f/m/d),HeidelbergCement AG,"Heidelberg, Deutschland",https://stackoverflow.com/jobs/559624
"Senior Developer (React, Node.js) (m/f/d)",Ziegert EverEstate GmbH,"Berlin, Deutschland",https://stackoverflow.com/jobs/394267
Senior Frontend React Developer,AIR MILES,"Toronto, ON, Canada",https://stackoverflow.com/jobs/539247
*REMOTE* React.js (Node.js) TypeScript FE/FS Engineer (m/f/x)-Global Marketplace,"AVANTGARDE - ""Creating Fans""",No office location,https://stackoverflow.com/jobs/433429
Frontend Entwickler (w/m/d) React / JavaScript - bundesweit & Homeoffice,objective partner AG,"Weinheim, Deutschland",https://stackoverflow.com/jobs/550884
Senior React Developer | Contractor | Remote,Copado Strategic Services,No office location,https://stackoverflow.com/jobs/545086
Principal Full Stack Developer (f/m/x) React & Node.js,Cosuno,"Berlin, Germany",https://stackoverflow.com/jobs/522359
REMOTE Techlead React (TS) Frontend (m/f/x) - Global Marketplace Solution,"AVANTGARDE - ""Creating Fans""",No office location,https://stackoverflow.com/jobs/498049
Remote Sr. Frontend Architect (React) - Spekit - High Growth Series B Startup,SpekitviaSource Coders,No office location,https://stackoverflow.com/jobs/566565
Fullstack Engineer II (Python/Django/React),StyleSeat,No office location,https://stackoverflow.com/jobs/554278
Fullstack Web-Entwickler PHP/React (m/w/d) für E-Commerce Agentur aus Bremen,hmmh multimediahaus AG,No office location,https://stackoverflow.com/jobs/526714
"Sr Full Stack Engineer - US & Canada Remote (.NET core, NoSQL, React, AWS)",Lone Wolf Technologies,No office location,https://stackoverflow.com/jobs/523487
Software Engineering Manager (Remote),Branding Brand,No office location,https://stackoverflow.com/jobs/546565
Senior Backend Engineer (all genders),Elinvar GmbH,"Berlin, Germany",https://stackoverflow.com/jobs/566722
C# Developer für Webanwendungen (w/*/m),queo GmbH,"Dresden, Deutschland",https://stackoverflow.com/jobs/522414
Senior Frontend Engineer (React.JS) (m/f/d),Motius GmbH,"Belgrad, Serbien",https://stackoverflow.com/jobs/566602
Senior Software Engineer (React),Higher Logic,"Montreal, QC, Canada",https://stackoverflow.com/jobs/536301
Full Stack Java/React Developer,Portland Webworks,"Portland, ME",https://stackoverflow.com/jobs/524803
Senior React Engineer / Mobile Software Developer (Remote),Branding Brand,No office location,https://stackoverflow.com/jobs/546545
Full Stack Developer (React + Java) – REMOTE,Pentalog,No office location,https://stackoverflow.com/jobs/566591
Full-Stack Javascript Developer (Node.js / React / Next.js),OOZOU,No office location,https://stackoverflow.com/jobs/565669
Front-end Developer (React),Shypple,"Rotterdam, Netherlands",https://stackoverflow.com/jobs/315697
React Developer (Remote),X-Team,No office location,https://stackoverflow.com/jobs/534457
Full Stack Developer (f/m/x) React & Node.js,Cosuno,"Berlin, Germany",https://stackoverflow.com/jobs/354357
"Full Stack Developer - Python, Postgres, Vue.js / React (m/f/d)",JobNinja GmbH,"München, Deutschland",https://stackoverflow.com/jobs/566788
Full-Stack Software Engineer (C# + .NET 6 / React + Typescript) (f/m/d),HeidelbergCement AG,"Heidelberg, Deutschland",https://stackoverflow.com/jobs/559624
"Senior Developer (React, Node.js) (m/f/d)",Ziegert EverEstate GmbH,"Berlin, Deutschland",https://stackoverflow.com/jobs/394267
Senior Frontend React Developer,AIR MILES,"Toronto, ON, Canada",https://stackoverflow.com/jobs/539247
*REMOTE* React.js (Node.js) TypeScript FE/FS Engineer (m/f/x)-Global Marketplace,"AVANTGARDE - ""Creating Fans""",No office location,https://stackoverflow.com/jobs/433429
Frontend Entwickler (w/m/d) React / JavaScript - bundesweit & Homeoffice,objective partner AG,"Weinheim, Deutschland",https://stackoverflow.com/jobs/550884
Senior React Developer | Contractor | Remote,Copado Strategic Services,No office location,https://stackoverflow.com/jobs/545086
Principal Full Stack Developer (f/m/x) React & Node.js,Cosuno,"Berlin, Germany",https://stackoverflow.com/jobs/522359
REMOTE Techlead React (TS) Frontend (m/f/x) - Global Marketplace Solution,"AVANTGARDE - ""Creating Fans""",No office location,https://stackoverflow.com/jobs/498049
Remote Sr. Frontend Architect (React) - Spekit - High Growth Series B Startup,SpekitviaSource Coders,No office location,https://stackoverflow.com/jobs/566565
Fullstack Engineer II (Python/Django/React),StyleSeat,No office location,https://stackoverflow.com/jobs/554278
Fullstack Web-Entwickler PHP/React (m/w/d) für E-Commerce Agentur aus Bremen,hmmh multimediahaus AG,No office location,https://stackoverflow.com/jobs/526714
"Sr Full Stack Engineer - US & Canada Remote (.NET core, NoSQL, React, AWS)",Lone Wolf Technologies,No office location,https://stackoverflow.com/jobs/523487
Software Engineering Manager (Remote),Branding Brand,No office location,https://stackoverflow.com/jobs/546565
Senior Backend Engineer (all genders),Elinvar GmbH,"Berlin, Germany",https://stackoverflow.com/jobs/566722
C# Developer für Webanwendungen (w/*/m),queo GmbH,"Dresden, Deutschland",https://stackoverflow.com/jobs/522414
Senior Software Engineer (React),Higher Logic,"Montreal, QC, Canada",https://stackoverflow.com/jobs/536301
Full Stack Java/React Developer,Portland Webworks,"Portland, ME",https://stackoverflow.com/jobs/524803
Senior React Engineer / Mobile Software Developer (Remote),Branding Brand,No office location,https://stackoverflow.com/jobs/546545
Full Stack Developer (React + Java) – REMOTE,Pentalog,No office location,https://stackoverflow.com/jobs/566591
Full-Stack Javascript Developer (Node.js / React / Next.js),OOZOU,No office location,https://stackoverflow.com/jobs/565669
Front-end Developer (React),Shypple,"Rotterdam, Netherlands",https://stackoverflow.com/jobs/315697
React Developer (Remote),X-Team,No office location,https://stackoverflow.com/jobs/534457
Senior Frontend Engineer (React.JS) (m/f/d),Motius GmbH,"Belgrad, Serbien",https://stackoverflow.com/jobs/566602
Full Stack Developer (f/m/x) React & Node.js,Cosuno,"Berlin, Germany",https://stackoverflow.com/jobs/354357
"Senior Developer (React, Node.js) (m/f/d)",Ziegert EverEstate GmbH,"Berlin, Deutschland",https://stackoverflow.com/jobs/394267
"Full Stack Developer - Python, Postgres, Vue.js / React (m/f/d)",JobNinja GmbH,"München, Deutschland",https://stackoverflow.com/jobs/566788
Full-Stack Software Engineer (C# + .NET 6 / React + Typescript) (f/m/d),HeidelbergCement AG,"Heidelberg, Deutschland",https://stackoverflow.com/jobs/559624
Frontend Entwickler (w/m/d) React / JavaScript - bundesweit & Homeoffice,objective partner AG,"Weinheim, Deutschland",https://stackoverflow.com/jobs/550884
Senior Frontend React Developer,AIR MILES,"Toronto, ON, Canada",https://stackoverflow.com/jobs/539247
*REMOTE* React.js (Node.js) TypeScript FE/FS Engineer (m/f/x)-Global Marketplace,"AVANTGARDE - ""Creating Fans""",No office location,https://stackoverflow.com/jobs/433429
Senior React Developer | Contractor | Remote,Copado Strategic Services,No office location,https://stackoverflow.com/jobs/545086
Principal Full Stack Developer (f/m/x) React & Node.js,Cosuno,"Berlin, Germany",https://stackoverflow.com/jobs/522359
Remote Sr. Frontend Architect (React) - Spekit - High Growth Series B Startup,SpekitviaSource Coders,No office location,https://stackoverflow.com/jobs/566565
REMOTE Techlead React (TS) Frontend (m/f/x) - Global Marketplace Solution,"AVANTGARDE - ""Creating Fans""",No office location,https://stackoverflow.com/jobs/498049
Fullstack Engineer II (Python/Django/React),StyleSeat,No office location,https://stackoverflow.com/jobs/554278
Fullstack Web-Entwickler PHP/React (m/w/d) für E-Commerce Agentur aus Bremen,hmmh multimediahaus AG,No office location,https://stackoverflow.com/jobs/526714
"Sr Full Stack Engineer - US & Canada Remote (.NET core, NoSQL, React, AWS)",Lone Wolf Technologies,No office location,https://stackoverflow.com/jobs/523487
Software Engineering Manager (Remote),Branding Brand,No office location,https://stackoverflow.com/jobs/546565
Senior Backend Engineer (all genders),Elinvar GmbH,"Berlin, Germany",https://stackoverflow.com/jobs/566722
Senior Software Engineer - Full Stack,C2FO,"Leawood, KS",https://stackoverflow.com/jobs/287269
"Senior Developer (React, Node.js) (m/f/d)",Ziegert EverEstate GmbH,"Berlin, Deutschland",https://stackoverflow.com/jobs/394267
Senior Software Engineer (React),Higher Logic,"Montreal, QC, Canada",https://stackoverflow.com/jobs/536301
Full Stack Java/React Developer,Portland Webworks,"Portland, ME",https://stackoverflow.com/jobs/524803
Senior React Engineer / Mobile Software Developer (Remote),Branding Brand,No office location,https://stackoverflow.com/jobs/546545
Full Stack Developer (React + Java) – REMOTE,Pentalog,No office location,https://stackoverflow.com/jobs/566591
Full-Stack Javascript Developer (Node.js / React / Next.js),OOZOU,No office location,https://stackoverflow.com/jobs/565669
Front-end Developer (React),Shypple,"Rotterdam, Netherlands",https://stackoverflow.com/jobs/315697
React Developer (Remote),X-Team,No office location,https://stackoverflow.com/jobs/534457
Senior Frontend Engineer (React.JS) (m/f/d),Motius GmbH,"Belgrad, Serbien",https://stackoverflow.com/jobs/566602
Full Stack Developer (f/m/x) React & Node.js,Cosuno,"Berlin, Germany",https://stackoverflow.com/jobs/354357
"Full Stack Developer - Python, Postgres, Vue.js / React (m/f/d)",JobNinja GmbH,"München, Deutschland",https://stackoverflow.com/jobs/566788
Frontend Entwickler (w/m/d) React / JavaScript - bundesweit & Homeoffice,objective partner AG,"Weinheim, Deutschland",https://stackoverflow.com/jobs/550884
Senior Frontend React Developer,AIR MILES,"Toronto, ON, Canada",https://stackoverflow.com/jobs/539247
*REMOTE* React.js (Node.js) TypeScript FE/FS Engineer (m/f/x)-Global Marketplace,"AVANTGARDE - ""Creating Fans""",No office location,https://stackoverflow.com/jobs/433429
Full-Stack Software Engineer (C# + .NET 6 / React + Typescript) (f/m/d),HeidelbergCement AG,"Heidelberg, Deutschland",https://stackoverflow.com/jobs/559624
Senior React Developer | Contractor | Remote,Copado Strategic Services,No office location,https://stackoverflow.com/jobs/545086
Principal Full Stack Developer (f/m/x) React & Node.js,Cosuno,"Berlin, Germany",https://stackoverflow.com/jobs/522359
Remote Sr. Frontend Architect (React) - Spekit - High Growth Series B Startup,SpekitviaSource Coders,No office location,https://stackoverflow.com/jobs/566565
REMOTE Techlead React (TS) Frontend (m/f/x) - Global Marketplace Solution,"AVANTGARDE - ""Creating Fans""",No office location,https://stackoverflow.com/jobs/498049
Fullstack Engineer II (Python/Django/React),StyleSeat,No office location,https://stackoverflow.com/jobs/554278
Fullstack Web-Entwickler PHP/React (m/w/d) für E-Commerce Agentur aus Bremen,hmmh multimediahaus AG,No office location,https://stackoverflow.com/jobs/526714
"Sr Full Stack Engineer - US & Canada Remote (.NET core, NoSQL, React, AWS)",Lone Wolf Technologies,No office location,https://stackoverflow.com/jobs/523487
Software Engineering Manager (Remote),Branding Brand,No office location,https://stackoverflow.com/jobs/546565
Senior Backend Engineer (all genders),Elinvar GmbH,"Berlin, Germany",https://stackoverflow.com/jobs/566722
C# Developer für Webanwendungen (w/*/m),queo GmbH,"Dresden, Deutschland",https://stackoverflow.com/jobs/522414
Senior Frontend Engineer (React.JS) (m/f/d),Motius GmbH,"Belgrad, Serbien",https://stackoverflow.com/jobs/566602
Senior Software Engineer (React),Higher Logic,"Montreal, QC, Canada",https://stackoverflow.com/jobs/536301
Full Stack Java/React Developer,Portland Webworks,"Portland, ME",https://stackoverflow.com/jobs/524803
Senior React Engineer / Mobile Software Developer (Remote),Branding Brand,No office location,https://stackoverflow.com/jobs/546545
Full Stack Developer (React + Java) – REMOTE,Pentalog,No office location,https://stackoverflow.com/jobs/566591
Full-Stack Javascript Developer (Node.js / React / Next.js),OOZOU,No office location,https://stackoverflow.com/jobs/565669
Front-end Developer (React),Shypple,"Rotterdam, Netherlands",https://stackoverflow.com/jobs/315697
React Developer (Remote),X-Team,No office location,https://stackoverflow.com/jobs/534457
Full Stack Developer (f/m/x) React & Node.js,Cosuno,"Berlin, Germany",https://stackoverflow.com/jobs/354357
"Senior Developer (React, Node.js) (m/f/d)",Ziegert EverEstate GmbH,"Berlin, Deutschland",https://stackoverflow.com/jobs/394267
"Full Stack Developer - Python, Postgres, Vue.js / React (m/f/d)",JobNinja GmbH,"München, Deutschland",https://stackoverflow.com/jobs/566788
Senior Frontend React Developer,AIR MILES,"Toronto, ON, Canada",https://stackoverflow.com/jobs/539247
*REMOTE* React.js (Node.js) TypeScript FE/FS Engineer (m/f/x)-Global Marketplace,"AVANTGARDE - ""Creating Fans""",No office location,https://stackoverflow.com/jobs/433429
Frontend Entwickler (w/m/d) React / JavaScript - bundesweit & Homeoffice,objective partner AG,"Weinheim, Deutschland",https://stackoverflow.com/jobs/550884
Full-Stack Software Engineer (C# + .NET 6 / React + Typescript) (f/m/d),HeidelbergCement AG,"Heidelberg, Deutschland",https://stackoverflow.com/jobs/559624
Senior React Developer | Contractor | Remote,Copado Strategic Services,No office location,https://stackoverflow.com/jobs/545086
Principal Full Stack Developer (f/m/x) React & Node.js,Cosuno,"Berlin, Germany",https://stackoverflow.com/jobs/522359
Remote Sr. Frontend Architect (React) - Spekit - High Growth Series B Startup,SpekitviaSource Coders,No office location,https://stackoverflow.com/jobs/566565
REMOTE Techlead React (TS) Frontend (m/f/x) - Global Marketplace Solution,"AVANTGARDE - ""Creating Fans""",No office location,https://stackoverflow.com/jobs/498049
Fullstack Engineer II (Python/Django/React),StyleSeat,No office location,https://stackoverflow.com/jobs/554278
Fullstack Web-Entwickler PHP/React (m/w/d) für E-Commerce Agentur aus Bremen,hmmh multimediahaus AG,No office location,https://stackoverflow.com/jobs/526714
"Sr Full Stack Engineer - US & Canada Remote (.NET core, NoSQL, React, AWS)",Lone Wolf Technologies,No office location,https://stackoverflow.com/jobs/523487
Software Engineering Manager (Remote),Branding Brand,No office location,https://stackoverflow.com/jobs/546565
Senior Backend Engineer (all genders),Elinvar GmbH,"Berlin, Germany",https://stackoverflow.com/jobs/566722
Senior Software Engineer - Full Stack,C2FO,"Leawood, KS",https://stackoverflow.com/jobs/287269
Senior Software Engineer (React),Higher Logic,"Montreal, QC, Canada",https://stackoverflow.com/jobs/536301
Full Stack Java/React Developer,Portland Webworks,"Portland, ME",https://stackoverflow.com/jobs/524803
Senior React Engineer / Mobile Software Developer (Remote),Branding Brand,No office location,https://stackoverflow.com/jobs/546545
Full Stack Developer (React + Java) – REMOTE,Pentalog,No office location,https://stackoverflow.com/jobs/566591
Full-Stack Javascript Developer (Node.js / React / Next.js),OOZOU,No office location,https://stackoverflow.com/jobs/565669
Front-end Developer (React),Shypple,"Rotterdam, Netherlands",https://stackoverflow.com/jobs/315697
React Developer (Remote),X-Team,No office location,https://stackoverflow.com/jobs/534457
Senior Frontend Engineer (React.JS) (m/f/d),Motius GmbH,"Belgrad, Serbien",https://stackoverflow.com/jobs/566602
Full Stack Developer (f/m/x) React & Node.js,Cosuno,"Berlin, Germany",https://stackoverflow.com/jobs/354357
"Full Stack Developer - Python, Postgres, Vue.js / React (m/f/d)",JobNinja GmbH,"München, Deutschland",https://stackoverflow.com/jobs/566788
Full-Stack Software Engineer (C# + .NET 6 / React + Typescript) (f/m/d),HeidelbergCement AG,"Heidelberg, Deutschland",https://stackoverflow.com/jobs/559624
"Senior Developer (React, Node.js) (m/f/d)",Ziegert EverEstate GmbH,"Berlin, Deutschland",https://stackoverflow.com/jobs/394267
Frontend Entwickler (w/m/d) React / JavaScript - bundesweit & Homeoffice,objective partner AG,"Weinheim, Deutschland",https://stackoverflow.com/jobs/550884
Senior Frontend React Developer,AIR MILES,"Toronto, ON, Canada",https://stackoverflow.com/jobs/539247
*REMOTE* React.js (Node.js) TypeScript FE/FS Engineer (m/f/x)-Global Marketplace,"AVANTGARDE - ""Creating Fans""",No office location,https://stackoverflow.com/jobs/433429
Senior React Developer | Contractor | Remote,Copado Strategic Services,No office location,https://stackoverflow.com/jobs/545086
Principal Full Stack Developer (f/m/x) React & Node.js,Cosuno,"Berlin, Germany",https://stackoverflow.com/jobs/522359
REMOTE Techlead React (TS) Frontend (m/f/x) - Global Marketplace Solution,"AVANTGARDE - ""Creating Fans""",No office location,https://stackoverflow.com/jobs/498049
Remote Sr. Frontend Architect (React) - Spekit - High Growth Series B Startup,SpekitviaSource Coders,No office location,https://stackoverflow.com/jobs/566565
Fullstack Engineer II (Python/Django/React),StyleSeat,No office location,https://stackoverflow.com/jobs/554278
Fullstack Web-Entwickler PHP/React (m/w/d) für E-Commerce Agentur aus Bremen,hmmh multimediahaus AG,No office location,https://stackoverflow.com/jobs/526714
"Sr Full Stack Engineer - US & Canada Remote (.NET core, NoSQL, React, AWS)",Lone Wolf Technologies,No office location,https://stackoverflow.com/jobs/523487
Software Engineering Manager (Remote),Branding Brand,No office location,https://stackoverflow.com/jobs/546565
Senior Backend Engineer (all genders),Elinvar GmbH,"Berlin, Germany",https://stackoverflow.com/jobs/566722
C# Developer für Webanwendungen (w/*/m),queo GmbH,"Dresden, Deutschland",https://stackoverflow.com/jobs/522414
